appointment_id,customer_id,cleaning_type,bhk,area_sqft,has_heavy_furniture,customer_rating,city_tier,last_cleaning_days_ago,duration_minutes,customer_returned
A0001,C058,room_cleaning,3,901,0,2.8,1,173,173,0
A0002,C280,room_cleaning,4,465,0,2.7,1,129,136,0
A0003,C014,standard,2,1866,1,3.1,3,71,285,0
A0004,C004,ac_cleaning,4,1096,1,2.9,2,26,202,0
A0005,C048,deep_clean,1,1135,1,4.0,1,117,236,0
A0006,C275,room_cleaning,4,561,1,4.6,3,92,165,0
A0007,C296,ac_cleaning,1,493,0,4.4,1,59,87,0
A0008,C052,deep_clean,3,1328,1,2.9,2,53,271,0
A0009,C137,room_cleaning,2,1493,0,2.9,2,69,221,0
A0010,C286,ac_cleaning,3,1973,0,3.1,1,80,248,0
A0011,C206,kitchen_cleaning,1,832,1,3.0,2,101,143,0
A0012,C235,ac_cleaning,3,685,0,4.4,3,67,130,0
A0013,C300,deep_clean,4,1141,0,5.0,1,130,241,0
A0014,C253,room_cleaning,1,624,0,4.1,3,108,112,0
A0015,C033,deep_clean,4,1620,1,3.8,3,2,304,1
A0016,C059,standard,3,1974,1,2.8,2,40,305,1
A0017,C233,room_cleaning,3,1425,0,3.8,1,160,223,0
A0018,C153,standard,2,713,1,4.4,3,135,164,0
A0019,C001,standard,3,1400,0,2.8,2,78,227,0
A0020,C123,room_cleaning,2,1561,0,2.7,2,17,231,1
A0021,C273,ac_cleaning,2,1751,1,4.9,1,67,235,0
A0022,C271,standard,4,833,0,4.3,2,171,182,0
A0023,C192,deep_clean,4,647,0,3.1,2,5,199,0
A0024,C284,ac_cleaning,2,414,0,4.3,1,58,85,1
A0025,C035,room_cleaning,3,545,0,3.2,2,54,128,1
A0026,C277,ac_cleaning,4,897,1,4.5,1,24,176,1
A0027,C050,deep_clean,3,1267,1,3.7,3,13,263,1
A0028,C051,room_cleaning,4,1891,1,4.5,1,63,299,0
A0029,C099,ac_cleaning,4,687,1,3.0,2,63,149,0
A0030,C039,deep_clean,1,503,0,4.9,1,42,142,1
A0031,C209,deep_clean,4,837,1,4.8,1,97,222,0
A0032,C002,deep_clean,3,1331,1,3.6,3,142,264,0
A0033,C250,ac_cleaning,2,1007,0,4.9,3,138,145,0
A0034,C032,kitchen_cleaning,1,502,1,3.8,3,40,116,1
A0035,C030,standard,1,780,0,4.0,3,60,145,0
A0036,C207,room_cleaning,2,1585,0,4.0,2,168,232,0
A0037,C299,standard,3,934,0,4.2,2,61,186,1
A0038,C136,deep_clean,2,1775,1,3.6,1,2,307,1
A0039,C235,standard,1,550,0,3.8,1,89,124,0
A0040,C036,ac_cleaning,3,983,0,3.6,3,180,155,0
A0041,C155,standard,1,1767,1,4.8,1,34,263,0
A0042,C136,room_cleaning,1,1920,0,3.2,3,53,257,0
A0043,C176,ac_cleaning,3,1435,1,3.1,1,23,213,1
A0044,C217,kitchen_cleaning,1,407,1,4.4,3,67,100,1
A0045,C083,deep_clean,4,1548,0,2.8,3,38,284,0
A0046,C280,room_cleaning,3,1592,0,3.6,1,78,244,1
A0047,C187,room_cleaning,3,830,0,4.2,2,143,165,0
A0048,C209,standard,2,884,0,4.9,1,105,176,0
A0049,C013,ac_cleaning,3,1243,0,3.2,3,27,184,1
A0050,C196,room_cleaning,4,855,0,4.5,2,89,183,0
A0051,C157,ac_cleaning,2,448,0,3.5,2,17,95,0
A0052,C143,kitchen_cleaning,4,1791,1,4.8,1,66,273,1
A0053,C092,standard,3,478,0,4.0,2,80,137,0
A0054,C224,standard,1,1188,0,3.1,3,111,191,0
A0055,C001,standard,2,1145,1,2.7,3,84,206,0
A0056,C161,room_cleaning,3,1438,1,4.2,2,103,243,0
A0057,C152,standard,2,792,1,4.2,2,173,170,0
A0058,C090,standard,3,1231,0,3.3,1,110,211,0
A0059,C297,standard,3,1352,1,3.6,1,130,245,0
A0060,C243,ac_cleaning,1,981,1,2.7,1,172,155,0
A0061,C159,ac_cleaning,2,701,0,2.6,2,156,117,0
A0062,C038,deep_clean,4,1689,0,4.3,2,126,301,0
A0063,C205,ac_cleaning,2,1743,0,4.7,1,108,225,0
A0064,C113,ac_cleaning,4,502,0,4.8,1,116,125,0
A0065,C069,deep_clean,3,1946,1,4.0,3,129,326,0
A0066,C219,standard,4,725,1,3.6,1,163,186,0
A0067,C142,standard,4,1683,0,3.2,1,73,266,1
A0068,C121,kitchen_cleaning,3,1054,0,2.8,1,98,168,0
A0069,C079,ac_cleaning,1,1249,1,3.3,2,106,167,0
A0070,C032,ac_cleaning,4,1197,0,4.6,3,97,191,0
A0071,C245,room_cleaning,3,1011,1,4.6,2,137,194,0
A0072,C280,standard,2,1399,0,3.2,2,7,218,0
A0073,C200,kitchen_cleaning,4,1883,0,4.6,1,159,267,0
A0074,C274,room_cleaning,4,1612,0,2.7,2,34,253,1
A0075,C237,ac_cleaning,1,932,1,3.3,2,83,143,1
A0076,C173,deep_clean,3,1940,1,3.1,1,120,336,0
A0077,C010,standard,1,1116,0,4.1,3,10,172,1
A0078,C016,ac_cleaning,2,441,0,3.1,2,171,94,0
A0079,C059,standard,2,1352,1,4.4,1,155,231,0
A0080,C059,ac_cleaning,3,621,0,4.8,3,173,134,0
A0081,C193,deep_clean,2,555,0,2.8,2,175,165,0
A0082,C062,standard,1,1111,1,4.2,1,129,198,0
A0083,C175,room_cleaning,4,1403,0,3.6,2,162,230,0
A0084,C236,ac_cleaning,4,760,1,4.0,3,123,155,0
A0085,C239,deep_clean,3,1060,0,4.6,1,71,232,0
A0086,C231,ac_cleaning,4,1567,1,3.3,2,83,245,1
A0087,C094,deep_clean,2,1126,1,3.4,3,179,245,0
A0088,C142,standard,1,1458,0,2.7,3,104,209,0
A0089,C251,standard,2,1814,1,4.1,2,114,279,0
A0090,C009,room_cleaning,3,853,1,4.2,2,169,191,0
A0091,C298,kitchen_cleaning,4,1533,1,3.6,3,140,243,0
A0092,C170,kitchen_cleaning,4,954,1,3.1,1,49,188,0
A0093,C162,room_cleaning,2,792,0,4.3,2,150,158,0
A0094,C269,standard,3,605,0,3.2,2,45,155,0
A0095,C155,room_cleaning,2,961,0,4.9,3,74,158,1
A0096,C065,deep_clean,1,425,1,3.7,2,87,158,0
A0097,C095,room_cleaning,3,1378,0,4.6,2,125,213,0
A0098,C038,standard,1,710,0,4.5,2,21,149,1
A0099,C128,room_cleaning,4,1641,0,4.4,2,115,250,0
A0100,C227,kitchen_cleaning,4,1025,0,4.0,3,25,181,1
A0101,C107,ac_cleaning,3,1752,0,2.9,1,141,239,0
A0102,C039,ac_cleaning,1,1236,1,4.2,2,74,172,1
A0103,C017,ac_cleaning,3,1847,1,4.3,2,18,267,1
A0104,C120,kitchen_cleaning,2,1270,0,3.9,3,38,200,0
A0105,C137,ac_cleaning,1,522,0,4.5,3,145,93,0
A0106,C148,deep_clean,1,1359,1,4.2,2,128,255,0
A0107,C277,deep_clean,4,564,0,4.7,3,82,180,1
A0108,C129,room_cleaning,1,868,0,5.0,3,68,140,1
A0109,C296,room_cleaning,2,1363,1,4.8,1,149,223,0
A0110,C224,deep_clean,1,1362,1,3.5,2,171,253,0
A0111,C054,ac_cleaning,3,1243,1,3.2,2,140,196,0
A0112,C019,deep_clean,1,1044,1,3.3,2,131,221,0
A0113,C001,standard,4,1246,0,3.0,2,159,226,0
A0114,C256,deep_clean,1,816,1,3.9,2,112,193,0
A0115,C249,room_cleaning,1,1690,0,4.3,2,141,238,0
A0116,C008,standard,4,590,0,5.0,1,118,161,0
A0117,C061,ac_cleaning,4,1867,1,3.8,2,106,266,0
A0118,C248,deep_clean,2,1335,0,3.5,3,130,247,0
A0119,C070,room_cleaning,3,1982,1,3.3,3,68,288,0
A0120,C002,kitchen_cleaning,3,1602,1,4.7,2,137,249,0
A0121,C248,kitchen_cleaning,3,1530,1,3.6,2,48,242,1
A0122,C123,standard,4,878,1,2.6,3,121,209,0
A0123,C196,deep_clean,2,1414,0,2.8,3,84,256,0
A0124,C052,deep_clean,1,1477,1,2.5,1,104,272,0
A0125,C080,room_cleaning,4,2000,1,3.3,3,101,298,0
A0126,C042,kitchen_cleaning,4,1048,1,4.7,1,158,196,0
A0127,C036,ac_cleaning,3,865,0,3.6,1,162,151,0
A0128,C052,deep_clean,2,1821,1,4.8,1,83,306,1
A0129,C029,kitchen_cleaning,3,1167,1,2.9,3,105,202,0
A0130,C290,ac_cleaning,2,758,0,4.0,2,158,133,0
A0131,C124,deep_clean,2,875,1,4.1,2,65,211,0
A0132,C005,deep_clean,3,1787,0,2.7,2,150,312,0
A0133,C154,deep_clean,3,1335,1,3.0,2,123,264,0
A0134,C055,ac_cleaning,4,1571,1,3.9,3,75,247,0
A0135,C012,deep_clean,3,416,0,4.8,3,127,156,0
A0136,C147,ac_cleaning,3,848,0,4.1,3,168,147,0
A0137,C071,room_cleaning,1,1032,1,2.6,2,33,177,0
A0138,C047,kitchen_cleaning,3,1930,1,2.9,1,138,282,0
A0139,C188,standard,3,736,1,4.8,2,75,178,1
A0140,C174,room_cleaning,4,554,0,4.4,1,173,149,0
A0141,C204,standard,3,584,1,2.5,3,31,159,1
A0142,C233,kitchen_cleaning,3,1597,1,4.6,2,27,237,1
A0143,C120,deep_clean,1,1668,1,4.8,1,165,277,0
A0144,C033,deep_clean,3,1729,1,2.8,1,9,305,1
A0145,C156,deep_clean,1,599,0,4.7,1,99,161,0
A0146,C233,kitchen_cleaning,4,1602,0,4.7,3,25,242,1
A0147,C251,standard,4,972,0,4.2,1,113,193,0
A0148,C228,ac_cleaning,3,603,1,3.9,3,91,136,0
A0149,C032,deep_clean,3,788,0,4.9,2,23,199,1
A0150,C109,standard,1,503,1,3.1,1,144,130,0
A0151,C106,room_cleaning,2,1600,0,4.5,1,84,232,1
A0152,C076,standard,1,967,0,5.0,3,64,170,1
A0153,C090,room_cleaning,1,669,0,3.4,1,150,120,0
A0154,C166,room_cleaning,2,943,0,2.8,2,134,160,0
A0155,C059,room_cleaning,4,1318,1,3.8,1,115,239,0
A0156,C258,ac_cleaning,1,1889,1,3.6,1,15,246,1
A0157,C246,deep_clean,4,1805,0,3.7,2,18,311,1
A0158,C042,kitchen_cleaning,2,534,0,3.2,3,149,118,0
A0159,C281,kitchen_cleaning,4,1623,1,3.6,3,110,260,0
A0160,C051,room_cleaning,2,1280,1,4.7,2,86,219,1
A0161,C233,deep_clean,4,1894,0,3.3,2,170,321,0
A0162,C131,kitchen_cleaning,2,1806,1,2.7,1,23,256,0
A0163,C222,room_cleaning,3,666,0,4.0,3,143,143,0
A0164,C169,room_cleaning,4,1124,1,4.7,3,13,216,1
A0165,C148,standard,3,1120,0,3.9,1,39,200,0
A0166,C247,ac_cleaning,1,1117,1,2.8,2,146,167,0
A0167,C116,deep_clean,1,1647,1,2.6,2,179,271,0
A0168,C159,kitchen_cleaning,3,412,0,4.7,3,168,113,0
A0169,C206,room_cleaning,2,1917,0,2.7,3,55,260,0
A0170,C193,deep_clean,4,1098,0,3.4,3,83,240,1
A0171,C291,standard,1,507,0,2.9,3,12,116,1
A0172,C042,kitchen_cleaning,4,1755,1,3.7,2,106,269,0
A0173,C140,ac_cleaning,1,1106,1,2.8,3,173,162,0
A0174,C250,standard,3,493,0,3.5,3,14,143,1
A0175,C004,ac_cleaning,3,832,0,4.4,2,83,155,1
A0176,C062,room_cleaning,4,1929,1,2.9,2,136,307,0
A0177,C118,standard,3,547,1,4.7,1,111,150,0
A0178,C010,deep_clean,1,1041,1,3.9,3,163,220,0
A0179,C214,kitchen_cleaning,1,1229,0,4.9,1,158,170,0
A0180,C236,kitchen_cleaning,1,1294,0,3.1,3,102,184,0
A0181,C269,room_cleaning,4,1035,1,3.1,1,19,205,0
A0182,C262,room_cleaning,2,1989,1,3.4,3,37,283,1
A0183,C121,room_cleaning,2,924,0,2.9,1,167,165,0
A0184,C039,ac_cleaning,4,1350,1,4.2,3,164,224,0
A0185,C166,kitchen_cleaning,2,1300,0,3.7,3,77,184,0
A0186,C141,standard,1,1120,0,3.3,2,9,180,0
A0187,C030,kitchen_cleaning,3,557,0,4.0,3,98,135,0
A0188,C237,standard,1,1321,0,3.3,2,128,204,0
A0189,C078,room_cleaning,4,611,1,5.0,1,129,160,0
A0190,C089,room_cleaning,2,1849,1,5.0,3,133,274,0
A0191,C082,kitchen_cleaning,3,979,1,3.5,2,173,194,0
A0192,C027,kitchen_cleaning,1,1075,0,3.9,2,72,163,0
A0193,C130,standard,2,1082,0,4.0,1,89,185,1
A0194,C159,deep_clean,2,1618,0,3.3,2,164,265,0
A0195,C169,ac_cleaning,1,1723,1,3.8,1,92,230,0
A0196,C159,ac_cleaning,2,1099,1,3.0,1,39,179,0
A0197,C040,kitchen_cleaning,1,1439,0,4.2,3,33,194,0
A0198,C193,ac_cleaning,2,770,0,4.3,1,105,122,0
A0199,C187,ac_cleaning,4,1650,1,4.4,2,59,249,0
A0200,C274,ac_cleaning,3,1360,0,3.4,3,112,190,0
A0201,C237,kitchen_cleaning,4,1429,1,4.9,1,154,246,0
A0202,C071,kitchen_cleaning,1,1713,1,4.7,3,26,243,1
A0203,C265,room_cleaning,3,571,0,3.2,3,37,136,1
A0204,C224,room_cleaning,2,1323,1,4.8,2,13,215,1
A0205,C203,standard,3,882,1,5.0,2,57,199,1
A0206,C015,kitchen_cleaning,1,1863,1,4.5,1,9,251,1
A0207,C147,deep_clean,2,1954,1,3.6,1,20,319,1
A0208,C010,kitchen_cleaning,2,706,1,2.8,2,60,146,1
A0209,C155,room_cleaning,1,888,1,4.1,3,117,154,0
A0210,C033,room_cleaning,4,1622,0,4.1,3,61,259,1
A0211,C074,kitchen_cleaning,4,403,1,3.1,2,47,146,1
A0212,C044,standard,3,538,0,3.5,2,11,134,0
A0213,C199,kitchen_cleaning,3,1930,0,3.4,1,88,264,0
A0214,C124,room_cleaning,3,673,0,3.4,2,164,144,0
A0215,C090,deep_clean,4,1693,0,4.5,1,117,304,0
A0216,C019,kitchen_cleaning,2,489,0,4.7,2,79,107,0
A0217,C264,deep_clean,4,918,0,4.4,1,73,219,0
A0218,C183,room_cleaning,3,959,0,4.5,2,102,180,0
A0219,C226,deep_clean,3,782,1,4.2,2,132,218,0
A0220,C137,room_cleaning,4,561,1,4.0,1,139,168,0
A0221,C151,kitchen_cleaning,1,563,1,4.2,2,114,123,0
A0222,C219,ac_cleaning,4,1119,1,2.6,2,157,200,0
A0223,C223,kitchen_cleaning,1,553,1,3.4,3,173,117,0
A0224,C082,room_cleaning,2,1644,1,2.6,1,60,254,0
A0225,C188,kitchen_cleaning,4,1561,0,4.0,3,115,240,0
A0226,C190,kitchen_cleaning,4,1962,0,3.9,3,93,279,0
A0227,C204,kitchen_cleaning,3,911,0,2.6,1,127,161,0
A0228,C266,deep_clean,1,936,1,4.3,1,156,209,0
A0229,C147,deep_clean,2,651,0,4.6,2,44,181,0
A0230,C228,room_cleaning,3,1767,1,4.3,3,138,269,0
A0231,C149,kitchen_cleaning,2,1857,0,4.5,3,57,253,1
A0232,C063,ac_cleaning,2,884,1,2.6,3,146,151,0
A0233,C189,deep_clean,2,1653,0,2.7,2,122,282,0
A0234,C270,deep_clean,4,1577,0,2.8,2,164,288,0
A0235,C038,deep_clean,4,1792,1,2.8,3,163,328,0
A0236,C094,ac_cleaning,4,1429,0,4.6,3,39,211,0
A0237,C156,ac_cleaning,2,1060,0,3.4,3,72,155,1
A0238,C041,kitchen_cleaning,2,1700,1,2.8,2,157,242,0
A0239,C274,room_cleaning,2,1612,0,2.9,3,154,232,0
A0240,C173,standard,1,458,0,2.6,3,147,119,0
A0241,C136,ac_cleaning,4,1665,0,3.7,3,139,232,0
A0242,C149,kitchen_cleaning,4,901,1,3.2,1,176,196,0
A0243,C031,ac_cleaning,4,1251,1,3.7,2,155,205,0
A0244,C074,kitchen_cleaning,3,1903,1,4.9,1,94,269,0
A0245,C264,standard,1,1053,0,3.7,2,115,181,0
A0246,C127,ac_cleaning,1,503,1,4.9,3,107,109,0
A0247,C128,ac_cleaning,3,1583,1,3.0,1,127,236,0
A0248,C264,deep_clean,4,1031,1,2.6,2,129,251,0
A0249,C235,ac_cleaning,2,1594,1,2.6,2,126,224,0
A0250,C241,kitchen_cleaning,1,620,1,2.8,2,93,123,0
A0251,C207,kitchen_cleaning,1,1220,0,3.9,1,92,172,0
A0252,C284,kitchen_cleaning,1,1191,1,4.4,2,159,181,0
A0253,C061,ac_cleaning,1,1206,1,4.5,2,142,180,0
A0254,C188,ac_cleaning,2,1633,1,3.8,1,9,228,0
A0255,C071,kitchen_cleaning,4,1463,1,2.9,3,35,244,0
A0256,C168,standard,3,732,1,5.0,3,76,185,0
A0257,C173,standard,4,1851,1,3.7,1,94,298,0
A0258,C170,room_cleaning,4,1595,1,4.5,3,176,266,0
A0259,C014,standard,4,943,0,4.3,3,122,197,0
A0260,C088,standard,4,702,0,2.6,3,28,175,0
A0261,C098,room_cleaning,4,1042,1,2.9,3,52,202,1
A0262,C211,standard,4,1906,0,4.3,3,53,284,1
A0263,C288,kitchen_cleaning,4,1476,1,3.3,1,117,239,0
A0264,C273,kitchen_cleaning,3,1784,1,4.0,1,63,262,1
A0265,C143,standard,3,860,1,4.4,3,53,181,1
A0266,C251,kitchen_cleaning,4,1114,1,3.2,3,173,214,0
A0267,C279,deep_clean,4,1106,0,3.2,2,20,241,0
A0268,C178,deep_clean,3,1930,1,3.0,3,69,323,0
A0269,C288,kitchen_cleaning,2,623,0,3.1,3,135,124,0
A0270,C116,ac_cleaning,1,605,1,3.3,2,25,111,1
A0271,C071,room_cleaning,2,1233,1,3.7,1,73,211,0
A0272,C165,kitchen_cleaning,1,1974,0,4.1,1,136,248,0
A0273,C020,ac_cleaning,4,760,0,5.0,2,126,149,0
A0274,C096,kitchen_cleaning,1,418,1,3.9,1,85,105,0
A0275,C146,deep_clean,4,674,1,3.2,1,84,213,1
A0276,C084,deep_clean,3,1871,0,2.5,2,75,312,0
A0277,C291,ac_cleaning,2,1651,1,4.6,3,83,232,1
A0278,C045,deep_clean,1,778,0,3.7,1,1,178,1
A0279,C134,deep_clean,2,1314,1,4.9,2,149,254,0
A0280,C294,room_cleaning,3,1738,1,4.2,1,170,278,0
A0281,C061,deep_clean,3,727,1,4.2,3,79,214,1
A0282,C061,kitchen_cleaning,3,1658,0,3.0,1,122,245,0
A0283,C079,deep_clean,3,1251,1,4.4,3,55,271,0
A0284,C127,standard,1,1476,1,3.8,2,19,229,0
A0285,C289,room_cleaning,1,1521,0,3.9,1,42,201,1
A0286,C168,standard,4,638,0,4.3,2,23,161,1
A0287,C262,deep_clean,1,1328,0,3.8,2,144,223,0
A0288,C030,standard,4,1777,1,4.3,2,65,295,1
A0289,C002,ac_cleaning,1,492,1,3.4,1,138,100,0
A0290,C031,room_cleaning,4,464,1,3.5,1,164,154,0
A0291,C216,kitchen_cleaning,4,1318,1,3.4,3,169,220,0
A0292,C277,ac_cleaning,3,642,0,5.0,2,135,133,0
A0293,C066,ac_cleaning,1,1948,0,4.9,2,172,241,0
A0294,C279,deep_clean,4,870,0,3.7,1,70,215,1
A0295,C097,room_cleaning,1,1752,1,4.0,1,61,252,0
A0296,C106,room_cleaning,1,1616,0,3.6,3,180,216,0
A0297,C025,ac_cleaning,1,1223,1,3.1,1,14,177,0
A0298,C072,standard,3,879,1,3.9,3,82,199,0
A0299,C122,kitchen_cleaning,2,1752,0,3.5,2,15,235,1
A0300,C286,standard,2,1682,1,3.9,1,88,263,1
A0301,C196,standard,3,1826,1,3.5,2,96,285,0
A0302,C095,standard,4,893,0,3.3,3,36,192,0
A0303,C238,room_cleaning,4,1253,0,3.5,2,52,208,1
A0304,C170,room_cleaning,4,1159,0,3.8,1,13,209,1
A0305,C138,deep_clean,1,549,0,4.5,3,171,151,0
A0306,C287,ac_cleaning,4,827,1,3.3,1,54,166,1
A0307,C098,room_cleaning,4,896,0,3.5,1,141,187,0
A0308,C165,kitchen_cleaning,4,1354,1,3.3,2,131,231,0
A0309,C255,deep_clean,1,1879,1,4.4,2,52,309,1
A0310,C190,kitchen_cleaning,4,493,0,4.4,1,66,130,1
A0311,C284,standard,4,1004,0,3.0,1,97,199,0
A0312,C292,ac_cleaning,4,1527,1,3.1,2,164,243,0
A0313,C252,deep_clean,2,1900,1,2.9,3,139,318,0
A0314,C251,ac_cleaning,1,1473,0,4.6,1,171,194,0
A0315,C025,room_cleaning,4,681,0,2.7,1,2,153,0
A0316,C112,standard,4,1164,0,4.0,3,157,220,0
A0317,C248,deep_clean,1,413,1,2.5,3,70,148,0
A0318,C275,kitchen_cleaning,1,1428,1,4.5,1,27,215,1
A0319,C050,standard,2,893,0,4.0,2,90,168,1
A0320,C137,deep_clean,1,1164,1,3.6,1,178,235,0
A0321,C116,kitchen_cleaning,1,1738,0,2.7,2,96,221,0
A0322,C283,deep_clean,1,1704,0,4.3,1,127,277,0
A0323,C223,kitchen_cleaning,1,1481,0,3.1,3,145,203,0
A0324,C244,kitchen_cleaning,1,552,1,4.7,3,168,122,0
A0325,C017,ac_cleaning,3,432,0,4.0,3,101,103,0
A0326,C040,kitchen_cleaning,2,1554,0,3.9,2,173,219,0
A0327,C277,kitchen_cleaning,4,1947,0,4.5,3,20,273,1
A0328,C257,kitchen_cleaning,1,600,1,3.1,1,87,117,1
A0329,C204,kitchen_cleaning,1,1698,1,4.5,2,125,224,0
A0330,C117,kitchen_cleaning,4,1284,0,4.2,3,97,208,0
A0331,C044,standard,3,904,0,2.7,1,97,174,0
A0332,C079,deep_clean,3,1138,0,2.7,2,113,237,0
A0333,C185,kitchen_cleaning,1,671,0,3.0,2,142,119,0
A0334,C285,standard,4,611,0,2.7,3,23,156,0
A0335,C167,deep_clean,1,997,1,3.5,1,143,218,0
A0336,C125,standard,2,1803,1,2.9,2,77,274,0
A0337,C138,deep_clean,2,529,0,3.6,2,76,158,0
A0338,C248,room_cleaning,3,915,0,4.3,2,152,174,0
A0339,C101,deep_clean,1,677,1,2.5,2,85,179,0
A0340,C195,kitchen_cleaning,4,1085,1,4.5,3,152,201,0
A0341,C070,kitchen_cleaning,3,1635,0,3.7,1,101,233,0
A0342,C164,kitchen_cleaning,4,1579,0,3.3,2,100,233,0
A0343,C187,room_cleaning,2,1612,0,4.2,3,6,228,1
A0344,C237,ac_cleaning,4,996,0,4.5,2,172,164,0
A0345,C256,ac_cleaning,3,895,1,4.1,3,108,174,0
A0346,C194,room_cleaning,4,1624,1,4.0,3,129,268,0
A0347,C215,standard,1,1136,0,2.8,1,168,180,0
A0348,C182,ac_cleaning,1,1553,1,4.9,2,110,211,0
A0349,C055,room_cleaning,1,929,0,3.8,3,142,152,0
A0350,C298,standard,2,1312,1,3.5,3,150,225,0
A0351,C257,ac_cleaning,3,450,1,2.8,2,21,123,0
A0352,C060,ac_cleaning,3,1038,1,3.6,1,133,183,0
A0353,C248,kitchen_cleaning,4,599,1,4.3,2,81,152,0
A0354,C035,kitchen_cleaning,1,1855,0,2.6,2,165,229,0
A0355,C056,ac_cleaning,2,1456,0,3.9,2,143,188,0
A0356,C219,deep_clean,2,1229,0,3.0,3,110,240,0
A0357,C203,room_cleaning,2,1320,1,3.5,3,54,225,0
A0358,C106,kitchen_cleaning,1,1582,0,4.5,3,47,207,0
A0359,C188,kitchen_cleaning,2,1337,0,3.2,2,135,197,0
A0360,C161,standard,4,1651,1,4.0,2,90,282,1
A0361,C235,standard,2,1779,1,4.8,3,21,268,1
A0362,C069,kitchen_cleaning,1,888,1,2.8,2,177,154,0
A0363,C073,standard,4,1256,0,3.9,2,47,233,0
A0364,C250,standard,2,1536,0,3.7,1,47,221,0
A0365,C162,deep_clean,1,1135,0,3.7,1,98,213,0
A0366,C288,standard,4,1237,1,3.5,2,125,238,0
A0367,C086,room_cleaning,1,1958,0,3.2,2,57,250,0
A0368,C276,kitchen_cleaning,2,1998,1,3.9,2,140,272,0
A0369,C262,room_cleaning,1,948,1,3.9,1,112,178,0
A0370,C280,ac_cleaning,4,609,0,3.2,1,115,135,0
A0371,C135,kitchen_cleaning,1,1299,0,4.4,1,53,180,0
A0372,C180,standard,4,739,0,4.5,1,15,181,1
A0373,C292,kitchen_cleaning,3,1622,0,3.3,3,74,244,1
A0374,C149,standard,3,1453,0,2.8,2,15,240,0
A0375,C142,ac_cleaning,2,911,0,4.3,1,173,139,0
A0376,C202,deep_clean,2,1582,1,4.1,2,115,280,0
A0377,C039,room_cleaning,4,1455,1,4.2,2,116,257,0
A0378,C250,kitchen_cleaning,1,1985,0,4.3,2,162,242,0
A0379,C184,room_cleaning,4,846,1,4.6,2,68,180,1
A0380,C166,kitchen_cleaning,3,1520,0,3.9,2,87,227,1
A0381,C025,room_cleaning,1,1682,1,2.5,1,112,241,0
A0382,C234,room_cleaning,4,814,0,4.7,2,40,170,0
A0383,C141,room_cleaning,3,912,0,3.4,3,42,168,0
A0384,C027,deep_clean,3,1886,0,3.6,1,180,306,0
A0385,C049,room_cleaning,2,1376,0,2.8,1,132,203,0
A0386,C228,room_cleaning,1,1824,1,4.5,2,177,255,0
A0387,C068,deep_clean,1,868,1,2.7,1,26,189,1
A0388,C161,kitchen_cleaning,3,680,1,4.4,1,164,156,0
A0389,C074,room_cleaning,1,1649,0,3.6,3,54,224,1
A0390,C078,deep_clean,4,844,0,4.7,1,31,210,1
A0391,C197,kitchen_cleaning,4,1044,0,3.1,3,21,182,0
A0392,C128,standard,3,1995,0,4.6,3,77,293,1
A0393,C106,standard,2,1931,1,3.2,1,61,289,1
A0394,C254,deep_clean,1,893,1,4.1,1,135,208,0
A0395,C007,kitchen_cleaning,3,670,1,4.7,3,107,157,0
A0396,C188,standard,2,1962,1,4.9,1,4,287,1
A0397,C035,room_cleaning,3,841,0,4.8,2,129,161,0
A0398,C147,standard,4,1267,1,2.7,3,137,237,0
A0399,C079,kitchen_cleaning,1,1034,0,3.8,1,39,155,0
A0400,C275,kitchen_cleaning,4,1601,0,3.3,2,61,226,0
A0401,C030,ac_cleaning,1,1289,0,3.6,3,14,161,1
A0402,C159,ac_cleaning,1,425,0,4.3,1,127,86,0
A0403,C178,standard,3,741,1,2.8,2,30,179,1
A0404,C016,kitchen_cleaning,4,957,0,3.2,3,160,170,0
A0405,C040,deep_clean,4,1446,1,2.6,3,42,289,0
A0406,C189,ac_cleaning,3,1983,0,4.7,3,29,256,1
A0407,C117,standard,1,490,0,3.1,2,93,124,0
A0408,C197,ac_cleaning,2,472,1,3.1,1,106,109,0
A0409,C164,kitchen_cleaning,1,1570,1,2.8,3,13,226,1
A0410,C092,ac_cleaning,1,1221,0,4.7,2,79,156,1
A0411,C168,room_cleaning,4,416,1,3.0,3,77,134,0
A0412,C125,deep_clean,3,1611,1,5.0,1,139,292,0
A0413,C126,ac_cleaning,1,1239,0,3.1,2,162,165,0
A0414,C005,kitchen_cleaning,1,1954,1,4.6,3,78,261,0
A0415,C054,ac_cleaning,2,1259,1,4.9,1,71,191,1
A0416,C048,room_cleaning,2,1464,1,4.3,2,117,231,0
A0417,C044,standard,1,1435,0,4.1,2,19,213,1
A0418,C291,room_cleaning,4,1756,0,3.1,2,80,266,1
A0419,C202,kitchen_cleaning,3,1327,1,3.1,1,34,215,0
A0420,C300,room_cleaning,2,616,0,3.6,2,104,129,0
A0421,C062,standard,3,1977,0,3.6,2,67,290,1
A0422,C062,room_cleaning,2,1805,1,4.6,3,154,271,0
A0423,C021,ac_cleaning,3,703,0,4.3,2,101,135,0
A0424,C263,room_cleaning,3,932,0,2.6,2,115,172,0
A0425,C285,standard,2,593,1,2.8,1,31,160,0
A0426,C007,room_cleaning,2,667,0,4.6,2,175,135,0
A0427,C044,standard,3,553,0,5.0,1,165,142,0
A0428,C228,ac_cleaning,1,1079,0,2.6,2,12,137,0
A0429,C087,standard,4,1883,1,3.7,2,174,303,0
A0430,C219,ac_cleaning,3,839,0,3.2,2,38,152,0
A0431,C018,standard,2,1725,1,3.7,3,122,266,0
A0432,C032,room_cleaning,3,1184,0,3.5,3,134,203,0
A0433,C128,standard,1,1183,1,3.7,2,88,208,1
A0434,C290,standard,3,1195,1,2.9,2,152,225,0
A0435,C113,room_cleaning,3,519,1,3.8,3,59,140,0
A0436,C082,room_cleaning,2,1745,0,3.2,3,14,250,1
A0437,C113,standard,4,1126,0,2.9,3,81,216,1
A0438,C184,standard,1,1840,1,4.9,3,36,280,1
A0439,C289,ac_cleaning,4,1510,1,2.9,1,23,234,0
A0440,C029,ac_cleaning,2,440,1,2.5,3,51,105,1
A0441,C067,kitchen_cleaning,2,1062,0,2.6,3,180,167,0
A0442,C073,room_cleaning,3,548,1,4.3,3,101,147,0
A0443,C052,kitchen_cleaning,3,1060,0,4.9,3,111,178,0
A0444,C250,kitchen_cleaning,2,1848,1,3.1,3,44,261,0
A0445,C194,kitchen_cleaning,3,660,0,4.3,3,146,142,0
A0446,C201,standard,1,772,1,4.8,3,56,160,0
A0447,C290,room_cleaning,4,688,1,4.4,1,88,178,1
A0448,C164,ac_cleaning,1,1851,1,3.6,2,53,235,1
A0449,C128,room_cleaning,3,925,0,4.3,1,98,175,0
A0450,C225,deep_clean,2,1247,1,4.7,2,139,259,0
A0451,C193,room_cleaning,4,1583,0,2.9,1,8,244,0
A0452,C151,room_cleaning,3,934,0,2.7,1,96,167,0
A0453,C083,room_cleaning,1,1092,1,4.3,2,167,185,0
A0454,C085,standard,4,721,0,2.8,1,48,176,0
A0455,C210,standard,3,1752,1,3.2,1,12,283,0
A0456,C202,standard,4,714,0,3.4,2,22,171,1
A0457,C151,standard,4,808,0,2.6,1,163,193,0
A0458,C150,room_cleaning,4,636,1,4.5,2,125,169,0
A0459,C136,room_cleaning,4,778,1,4.7,2,47,183,1
A0460,C229,room_cleaning,3,1300,1,3.2,2,144,229,0
A0461,C032,ac_cleaning,1,575,1,4.5,2,150,114,0
A0462,C117,standard,1,1192,1,4.9,3,121,206,0
A0463,C294,ac_cleaning,4,1012,0,3.5,3,8,172,1
A0464,C258,standard,2,646,1,2.9,1,54,154,0
A0465,C099,ac_cleaning,1,1267,0,5.0,2,51,168,1
A0466,C076,standard,3,1054,0,2.7,3,101,196,0
A0467,C283,kitchen_cleaning,3,1464,1,4.8,1,179,226,0
A0468,C268,deep_clean,1,1248,0,2.9,3,149,224,0
A0469,C052,room_cleaning,1,985,1,4.7,2,98,174,0
A0470,C249,standard,4,476,0,3.2,1,158,153,0
A0471,C206,room_cleaning,4,1078,0,2.6,2,68,189,0
A0472,C191,room_cleaning,3,1020,1,3.2,2,178,205,0
A0473,C051,ac_cleaning,2,1015,1,4.4,2,68,172,0
A0474,C214,standard,1,784,1,3.0,2,124,160,0
A0475,C265,kitchen_cleaning,1,1455,0,2.7,3,129,190,0
A0476,C207,ac_cleaning,1,755,0,4.7,1,14,107,1
A0477,C128,room_cleaning,4,503,1,4.3,2,94,159,0
A0478,C238,standard,4,1701,0,4.2,1,95,270,0
A0479,C251,standard,4,763,1,4.0,2,88,185,1
A0480,C084,kitchen_cleaning,1,983,0,3.5,1,146,142,0
A0481,C110,ac_cleaning,2,1787,0,3.2,2,131,221,0
A0482,C011,room_cleaning,4,670,0,4.0,1,57,156,0
A0483,C130,standard,3,1859,1,3.6,2,89,290,0
A0484,C236,kitchen_cleaning,2,1355,1,4.2,3,101,209,0
A0485,C300,room_cleaning,1,1447,1,3.9,3,155,224,0
A0486,C145,kitchen_cleaning,1,1386,0,3.3,2,163,188,0
A0487,C167,kitchen_cleaning,3,1743,1,3.0,3,61,265,1
A0488,C030,standard,4,1752,1,4.2,3,6,281,1
A0489,C255,kitchen_cleaning,3,1257,1,3.5,1,149,209,0
A0490,C293,ac_cleaning,3,1887,0,4.2,3,121,243,0
A0491,C184,standard,3,748,0,3.2,2,32,178,0
A0492,C133,standard,2,1792,1,4.1,1,90,274,1
A0493,C115,kitchen_cleaning,4,1078,1,3.2,2,118,204,0
A0494,C061,deep_clean,1,1699,0,3.7,1,128,269,0
A0495,C062,deep_clean,3,1246,0,4.7,1,35,242,0
A0496,C103,kitchen_cleaning,4,1566,1,2.9,3,46,249,0
A0497,C042,deep_clean,3,1692,0,3.3,1,1,286,1
A0498,C232,kitchen_cleaning,2,1958,0,3.9,1,125,256,0
A0499,C046,ac_cleaning,4,1697,1,3.5,2,98,262,0
A0500,C003,room_cleaning,2,1896,1,4.9,2,135,261,0
A0501,C098,room_cleaning,1,1683,0,3.1,2,79,218,1
A0502,C067,room_cleaning,4,1430,1,2.9,1,76,242,0
A0503,C149,deep_clean,3,1288,0,3.4,2,91,250,0
A0504,C097,ac_cleaning,4,439,0,3.1,1,54,113,1
A0505,C012,standard,2,652,1,4.3,1,96,153,0
A0506,C131,standard,1,1616,0,4.2,3,5,228,1
A0507,C025,room_cleaning,4,1309,1,2.8,2,121,230,0
A0508,C079,ac_cleaning,1,1016,1,4.2,3,133,165,0
A0509,C139,standard,2,1257,0,3.8,3,30,210,0
A0510,C145,room_cleaning,1,1419,0,4.0,2,133,208,0
A0511,C104,kitchen_cleaning,4,1004,0,2.6,2,53,177,1
A0512,C247,kitchen_cleaning,2,405,0,4.2,1,146,97,0
A0513,C253,ac_cleaning,1,1996,0,4.3,1,65,237,1
A0514,C119,deep_clean,3,940,1,2.6,1,10,231,0
A0515,C149,kitchen_cleaning,3,1272,0,2.7,1,2,196,1
A0516,C071,ac_cleaning,3,1132,1,4.9,2,23,186,1
A0517,C191,kitchen_cleaning,2,633,1,3.5,2,69,139,0
A0518,C198,deep_clean,4,1728,0,2.8,3,15,304,1
A0519,C082,room_cleaning,4,1609,1,4.5,3,112,263,0
A0520,C093,standard,4,1995,1,4.0,3,33,310,1
A0521,C248,deep_clean,1,1242,1,2.6,2,167,241,0
A0522,C161,room_cleaning,2,1771,1,3.8,3,179,256,0
A0523,C049,deep_clean,2,1386,1,4.2,3,98,268,0
A0524,C077,standard,1,423,0,3.8,2,126,111,0
A0525,C085,room_cleaning,4,1056,0,3.3,2,12,193,0
A0526,C260,ac_cleaning,4,1225,0,2.7,2,146,198,0
A0527,C230,room_cleaning,4,1315,1,2.8,2,167,243,0
A0528,C010,room_cleaning,4,1244,0,3.9,1,23,206,0
A0529,C156,standard,2,1740,1,4.9,2,13,263,1
A0530,C115,deep_clean,3,1547,1,4.3,2,115,298,0
A0531,C059,room_cleaning,2,404,1,3.4,3,74,115,0
A0532,C281,standard,3,1837,0,2.6,1,126,282,0
A0533,C072,deep_clean,1,920,0,3.0,2,55,197,1
A0534,C235,ac_cleaning,3,620,1,2.6,3,172,137,0
A0535,C064,deep_clean,4,1748,0,4.9,1,135,303,0
A0536,C025,standard,4,1598,1,4.8,1,177,275,0
A0537,C297,ac_cleaning,2,612,1,4.1,3,82,128,1
A0538,C259,deep_clean,4,1647,0,3.2,2,75,286,0
A0539,C232,ac_cleaning,2,1245,1,4.6,3,80,190,1
A0540,C284,ac_cleaning,2,829,1,4.2,3,33,147,1
A0541,C092,standard,3,1854,0,4.4,3,122,273,0
A0542,C299,standard,4,1780,1,4.7,2,3,289,1
A0543,C268,room_cleaning,1,1180,0,2.6,1,51,179,0
A0544,C137,ac_cleaning,3,1799,1,2.9,1,176,250,0
A0545,C152,ac_cleaning,1,1134,1,2.8,3,143,178,0
A0546,C115,standard,4,886,1,4.2,1,97,207,0
A0547,C199,deep_clean,3,1530,0,2.5,2,51,271,0
A0548,C227,ac_cleaning,3,1946,0,4.4,1,75,257,0
A0549,C230,ac_cleaning,1,782,0,4.3,1,96,126,0
A0550,C021,deep_clean,3,1539,1,2.8,3,65,297,1
A0551,C003,kitchen_cleaning,4,1853,0,2.6,2,152,256,0
A0552,C027,standard,3,1404,1,2.7,3,81,239,1
A0553,C270,ac_cleaning,2,1466,0,4.5,1,106,195,0
A0554,C279,standard,4,588,1,3.1,1,169,175,0
A0555,C170,kitchen_cleaning,3,1001,0,4.9,3,135,163,0
A0556,C244,standard,1,634,1,3.6,3,157,151,0
A0557,C125,room_cleaning,3,1181,0,3.5,3,72,190,0
A0558,C013,standard,3,1453,1,3.7,2,166,246,0
A0559,C099,kitchen_cleaning,1,596,0,4.9,3,136,105,0
A0560,C004,room_cleaning,2,1772,0,4.7,2,26,252,1
A0561,C106,standard,4,1724,0,4.4,1,6,268,1
A0562,C236,kitchen_cleaning,1,579,0,2.6,2,142,121,0
A0563,C037,standard,2,929,1,3.5,3,103,190,0
A0564,C222,kitchen_cleaning,1,1197,0,3.8,3,158,171,0
A0565,C033,standard,1,1835,0,3.4,3,27,249,0
A0566,C149,kitchen_cleaning,1,976,1,3.5,3,7,166,0
A0567,C243,ac_cleaning,2,679,1,4.5,3,75,130,0
A0568,C074,kitchen_cleaning,3,422,0,2.8,1,146,113,0
A0569,C202,standard,1,1024,0,4.4,3,88,164,1
A0570,C109,deep_clean,2,729,0,3.1,2,49,188,0
A0571,C059,ac_cleaning,1,1938,1,4.1,1,74,250,0
A0572,C035,kitchen_cleaning,1,804,1,4.9,2,32,144,1
A0573,C121,room_cleaning,3,1668,0,4.8,2,124,239,0
A0574,C231,kitchen_cleaning,3,1820,0,3.9,2,80,250,1
A0575,C220,ac_cleaning,1,1041,0,4.5,3,164,147,0
A0576,C224,kitchen_cleaning,3,675,1,4.7,2,114,157,0
A0577,C184,kitchen_cleaning,4,1529,0,2.9,3,20,236,0
A0578,C144,ac_cleaning,2,939,0,4.3,1,129,136,0
A0579,C016,standard,4,1975,0,4.8,3,66,291,1
A0580,C279,standard,4,1739,0,3.4,1,150,273,0
A0581,C149,ac_cleaning,4,1426,0,3.5,3,2,215,1
A0582,C123,standard,2,1950,0,3.6,1,144,278,0
A0583,C290,ac_cleaning,4,1134,0,3.0,2,59,190,1
A0584,C033,kitchen_cleaning,3,879,0,4.2,3,92,163,0
A0585,C199,deep_clean,4,495,0,5.0,2,26,179,1
A0586,C267,kitchen_cleaning,3,1585,0,3.4,2,93,220,0
A0587,C040,standard,3,1170,0,3.8,2,88,209,0
A0588,C250,deep_clean,1,1427,0,3.6,1,19,244,1
A0589,C264,kitchen_cleaning,2,707,0,2.9,3,30,125,1
A0590,C118,deep_clean,3,1875,0,3.7,2,122,313,0
A0591,C108,standard,2,1725,1,2.6,1,32,273,1
A0592,C294,standard,2,675,0,4.7,1,14,147,1
A0593,C086,kitchen_cleaning,2,1458,1,4.0,3,163,225,0
A0594,C010,kitchen_cleaning,1,843,1,4.0,2,123,147,0
A0595,C088,ac_cleaning,4,1630,0,4.5,1,159,233,0
A0596,C262,kitchen_cleaning,2,1883,1,4.8,3,151,261,0
A0597,C036,ac_cleaning,4,1189,0,2.8,1,133,187,0
A0598,C259,deep_clean,2,1640,0,2.9,3,153,272,0
A0599,C020,standard,1,590,1,4.1,3,138,145,0
A0600,C001,deep_clean,4,1158,0,4.2,2,58,243,0
A0601,C247,deep_clean,3,1606,0,3.6,2,122,279,0
A0602,C120,room_cleaning,3,1625,1,3.1,1,1,258,0
A0603,C296,standard,1,1464,0,3.4,1,176,224,0
A0604,C162,deep_clean,3,618,0,3.6,3,64,183,0
A0605,C134,standard,4,1556,1,4.0,3,101,275,0
A0606,C105,deep_clean,4,766,1,3.9,2,64,223,1
A0607,C158,standard,3,1985,1,4.3,3,30,304,1
A0608,C118,deep_clean,2,605,0,3.8,2,140,176,0
A0609,C027,ac_cleaning,4,1702,0,4.5,1,120,246,0
A0610,C223,room_cleaning,1,938,0,3.4,3,9,150,0
A0611,C197,deep_clean,3,1857,0,4.9,1,163,317,0
A0612,C254,deep_clean,1,813,1,3.0,3,130,194,0
A0613,C265,ac_cleaning,2,1780,0,3.4,3,0,226,0
A0614,C081,room_cleaning,3,1996,1,3.4,2,103,302,0
A0615,C103,standard,1,1909,0,4.8,3,72,257,0
A0616,C287,standard,3,1111,1,3.1,1,116,220,0
A0617,C207,standard,1,934,0,3.5,1,143,157,0
A0618,C038,standard,3,1096,0,4.5,2,137,195,0
A0619,C295,kitchen_cleaning,4,1172,1,4.4,2,117,207,0
A0620,C236,standard,1,1387,0,3.1,2,162,205,0
A0621,C113,ac_cleaning,3,1244,1,3.8,1,179,199,0
A0622,C135,ac_cleaning,3,590,1,4.2,2,19,135,1
A0623,C284,ac_cleaning,4,1042,1,3.0,3,68,197,0
A0624,C094,ac_cleaning,4,1909,0,3.1,1,67,256,1
A0625,C106,ac_cleaning,2,911,1,2.9,1,30,161,1
A0626,C041,deep_clean,1,1965,0,4.6,2,158,295,0
A0627,C162,deep_clean,3,1405,0,5.0,3,71,272,0
A0628,C204,ac_cleaning,2,510,1,3.7,3,8,113,1
A0629,C258,kitchen_cleaning,4,1805,0,3.6,1,178,266,0
A0630,C266,deep_clean,3,1811,0,2.5,1,97,309,0
A0631,C298,room_cleaning,3,1140,1,3.0,2,60,201,0
A0632,C138,deep_clean,3,1149,0,3.7,1,107,235,0
A0633,C191,kitchen_cleaning,4,972,1,2.9,1,147,189,0
A0634,C118,room_cleaning,3,882,1,4.6,1,37,180,1
A0635,C077,deep_clean,1,761,1,3.7,3,132,189,0
A0636,C274,kitchen_cleaning,4,1014,1,3.9,3,12,196,1
A0637,C204,room_cleaning,2,522,0,4.5,2,161,129,0
A0638,C050,deep_clean,3,932,1,3.4,3,65,225,1
A0639,C177,room_cleaning,4,648,1,4.7,3,50,172,0
A0640,C296,standard,2,1998,1,3.4,3,130,293,0
A0641,C250,deep_clean,1,1180,1,3.7,1,42,234,1
A0642,C173,deep_clean,4,546,0,2.9,1,80,177,1
A0643,C163,kitchen_cleaning,3,1639,1,3.2,2,92,246,0
A0644,C267,deep_clean,4,742,0,4.6,1,60,202,1
A0645,C129,room_cleaning,2,741,1,2.8,1,121,162,0
A0646,C281,room_cleaning,1,1978,1,3.8,1,26,278,1
A0647,C135,standard,2,572,1,3.3,1,72,151,0
A0648,C227,ac_cleaning,2,1478,0,2.6,3,91,194,0
A0649,C167,deep_clean,4,1507,1,3.9,1,178,300,0
A0650,C277,ac_cleaning,4,1692,1,3.8,3,136,249,0
A0651,C159,kitchen_cleaning,4,1505,0,4.5,2,78,226,0
A0652,C188,deep_clean,3,718,1,2.5,3,34,207,1
A0653,C177,kitchen_cleaning,4,1495,0,4.2,2,122,212,0
A0654,C154,room_cleaning,4,999,0,4.5,3,95,186,0
A0655,C097,deep_clean,4,1208,0,2.9,3,165,257,0
A0656,C200,deep_clean,2,938,0,3.6,1,132,206,0
A0657,C140,kitchen_cleaning,3,1245,0,4.6,1,34,201,1
A0658,C149,room_cleaning,4,1665,1,3.2,3,125,266,0
A0659,C097,kitchen_cleaning,1,711,0,4.9,1,47,124,1
A0660,C053,kitchen_cleaning,3,656,1,4.3,1,23,149,1
A0661,C078,room_cleaning,4,844,1,3.6,2,95,194,0
A0662,C238,room_cleaning,3,564,0,2.6,2,18,139,1
A0663,C279,deep_clean,2,793,1,4.5,1,31,208,1
A0664,C128,deep_clean,4,906,0,3.0,3,24,223,1
A0665,C267,ac_cleaning,4,1196,1,4.8,1,161,212,0
A0666,C022,standard,1,918,1,4.1,1,92,180,0
A0667,C027,ac_cleaning,1,883,1,3.3,1,70,142,0
A0668,C300,room_cleaning,4,897,0,4.9,3,176,180,0
A0669,C244,standard,2,1160,0,3.1,2,23,193,1
A0670,C174,room_cleaning,1,1128,0,4.3,1,32,175,1
A0671,C250,ac_cleaning,3,1543,1,4.5,2,49,228,0
A0672,C011,deep_clean,3,1883,0,3.1,1,124,308,0
A0673,C225,standard,3,1511,1,3.0,1,139,257,0
A0674,C179,kitchen_cleaning,4,963,0,2.7,1,115,177,0
A0675,C152,kitchen_cleaning,3,1329,0,4.4,3,97,196,0
A0676,C095,room_cleaning,3,1989,0,3.3,1,168,283,0
A0677,C276,deep_clean,2,1473,1,4.4,1,156,276,0
A0678,C145,kitchen_cleaning,4,1712,1,2.8,3,168,277,0
A0679,C035,room_cleaning,2,765,0,3.0,2,49,145,1
A0680,C051,room_cleaning,4,1747,1,3.8,3,151,281,0
A0681,C132,room_cleaning,3,852,0,2.5,1,167,168,0
A0682,C252,room_cleaning,4,1708,0,3.4,3,106,261,0
A0683,C189,room_cleaning,3,1483,0,4.3,2,19,234,1
A0684,C111,standard,1,607,0,3.8,1,49,123,1
A0685,C270,ac_cleaning,2,1543,1,4.4,3,147,217,0
A0686,C184,deep_clean,4,613,0,4.5,3,102,192,0
A0687,C259,kitchen_cleaning,2,1493,1,4.8,2,140,230,0
A0688,C167,kitchen_cleaning,4,1965,1,4.6,2,155,286,0
A0689,C124,standard,2,1168,1,3.4,2,114,212,0
A0690,C204,room_cleaning,1,982,0,3.8,2,1,155,0
A0691,C154,ac_cleaning,2,1044,0,4.4,3,70,152,1
A0692,C284,standard,2,593,0,3.7,1,35,140,1
A0693,C136,kitchen_cleaning,2,877,1,4.5,1,146,165,0
A0694,C205,standard,2,1903,0,4.3,2,44,268,0
A0695,C250,standard,1,1619,1,2.6,3,97,255,0
A0696,C041,room_cleaning,3,1112,1,3.5,1,58,206,1
A0697,C006,deep_clean,1,1024,0,3.3,3,38,194,1
A0698,C168,standard,2,713,0,4.2,2,114,149,0
A0699,C295,standard,1,854,1,3.2,2,37,163,0
A0700,C068,kitchen_cleaning,1,1374,0,3.9,2,21,176,1
A0701,C205,standard,4,1984,0,4.4,2,143,293,0
A0702,C102,deep_clean,4,1735,0,3.9,3,134,307,0
A0703,C127,ac_cleaning,1,945,1,3.3,3,22,151,1
A0704,C058,deep_clean,4,1148,1,3.0,2,152,257,0
A0705,C013,kitchen_cleaning,2,1116,1,4.1,2,11,185,1
A0706,C120,ac_cleaning,3,719,0,2.8,1,62,126,1
A0707,C076,kitchen_cleaning,1,1103,0,3.3,2,5,170,0
A0708,C170,ac_cleaning,2,817,1,3.9,3,36,141,0
A0709,C010,deep_clean,1,923,0,2.7,1,178,192,0
A0710,C139,room_cleaning,4,1740,0,2.7,3,69,265,1
A0711,C185,room_cleaning,1,999,1,3.1,2,130,171,0
A0712,C051,kitchen_cleaning,4,1622,0,3.0,3,117,239,0
A0713,C288,room_cleaning,1,906,1,3.3,2,40,166,0
A0714,C010,kitchen_cleaning,3,1127,1,3.1,3,70,197,1
A0715,C032,kitchen_cleaning,4,460,1,3.1,2,100,144,0
A0716,C071,room_cleaning,4,1466,0,3.5,3,39,236,0
A0717,C219,kitchen_cleaning,3,1319,0,3.0,1,148,204,0
A0718,C278,ac_cleaning,2,1032,0,3.6,1,167,155,0
A0719,C290,ac_cleaning,3,538,0,3.0,1,7,117,1
A0720,C164,deep_clean,4,1021,1,4.4,3,70,249,1
A0721,C078,ac_cleaning,1,669,0,2.6,3,157,108,0
A0722,C137,standard,2,1621,0,3.1,1,91,246,0
A0723,C041,deep_clean,2,1428,1,4.3,2,47,267,0
A0724,C199,deep_clean,4,681,0,3.0,1,104,205,0
A0725,C008,kitchen_cleaning,4,855,0,4.4,1,45,167,0
A0726,C225,standard,4,1808,1,4.7,1,109,292,0
A0727,C208,room_cleaning,4,1874,1,3.5,3,146,292,0
A0728,C275,standard,1,1466,0,3.6,1,62,209,0
A0729,C266,standard,4,1905,0,3.9,3,161,283,0
A0730,C026,ac_cleaning,3,1300,1,4.7,2,118,208,0
A0731,C086,deep_clean,3,1655,0,4.2,1,118,282,0
A0732,C232,room_cleaning,1,768,0,3.5,2,115,142,0
A0733,C013,ac_cleaning,4,1608,0,4.7,1,64,229,0
A0734,C166,ac_cleaning,1,586,0,4.3,3,92,98,0
A0735,C044,standard,4,1888,0,3.4,2,11,287,1
A0736,C088,kitchen_cleaning,2,732,0,2.9,3,13,121,0
A0737,C215,kitchen_cleaning,3,1895,1,3.2,1,30,278,1
A0738,C068,ac_cleaning,1,1675,1,2.5,2,127,225,0
A0739,C279,room_cleaning,4,887,0,4.0,2,116,179,0
A0740,C210,deep_clean,1,1631,0,3.1,3,71,260,0
A0741,C286,ac_cleaning,1,778,0,2.6,2,9,118,1
A0742,C075,room_cleaning,3,1078,0,2.6,2,45,182,1
A0743,C083,kitchen_cleaning,2,1332,1,4.8,1,76,207,0
A0744,C166,kitchen_cleaning,4,538,1,4.6,1,74,149,1
A0745,C242,ac_cleaning,1,1822,1,3.3,2,134,236,0
A0746,C108,ac_cleaning,1,623,0,3.7,3,154,99,0
A0747,C148,deep_clean,3,931,1,4.8,3,144,223,0
A0748,C255,standard,4,1408,0,4.7,1,74,239,1
A0749,C100,room_cleaning,1,449,1,4.1,1,53,125,0
A0750,C213,deep_clean,1,1083,1,3.9,3,54,226,0
A0751,C006,ac_cleaning,3,921,0,3.3,3,140,153,0
A0752,C166,room_cleaning,1,1804,1,3.4,3,145,251,0
A0753,C015,ac_cleaning,2,1076,1,4.8,2,121,182,0
A0754,C019,ac_cleaning,4,718,1,4.7,3,85,159,1
A0755,C237,deep_clean,1,1467,1,3.9,3,80,266,0
A0756,C285,standard,1,826,1,4.5,2,16,171,1
A0757,C077,kitchen_cleaning,1,1094,1,4.1,1,146,175,0
A0758,C200,ac_cleaning,1,1939,1,4.3,2,8,254,1
A0759,C140,deep_clean,1,1417,0,3.4,2,55,241,1
A0760,C269,kitchen_cleaning,2,629,1,4.5,1,23,144,1
A0761,C228,standard,1,1388,0,3.0,2,134,217,0
A0762,C159,kitchen_cleaning,2,1975,0,4.6,3,173,258,0
A0763,C068,ac_cleaning,1,1340,1,4.3,3,29,186,1
A0764,C003,kitchen_cleaning,1,1807,0,3.3,1,26,228,1
A0765,C267,kitchen_cleaning,1,1582,1,4.1,1,82,218,1
A0766,C103,ac_cleaning,3,966,1,4.4,3,30,169,1
A0767,C140,ac_cleaning,2,960,0,2.5,3,143,161,0
A0768,C264,room_cleaning,2,1511,1,3.9,2,36,236,1
A0769,C146,standard,2,750,0,3.3,2,138,155,0
A0770,C228,room_cleaning,2,459,1,4.8,1,27,132,1
A0771,C197,room_cleaning,1,1273,1,2.9,3,151,205,0
A0772,C229,standard,3,1039,1,4.5,3,171,204,0
A0773,C274,room_cleaning,4,1562,0,2.7,3,119,245,0
A0774,C050,deep_clean,3,1801,1,3.7,1,36,307,1
A0775,C133,kitchen_cleaning,4,775,1,4.5,2,116,177,0
A0776,C250,room_cleaning,1,1373,0,3.4,2,43,202,0
A0777,C145,kitchen_cleaning,2,1440,0,3.5,3,27,198,1
A0778,C167,standard,1,1018,1,3.5,2,61,179,0
A0779,C125,standard,2,1387,1,2.7,1,177,235,0
A0780,C221,deep_clean,3,1515,0,2.9,3,19,277,0
A0781,C294,deep_clean,1,1612,1,3.3,1,113,276,0
A0782,C091,kitchen_cleaning,4,542,0,4.2,3,97,143,0
A0783,C168,deep_clean,1,585,0,4.5,3,162,150,0
A0784,C001,ac_cleaning,2,1327,1,3.5,3,114,195,0
A0785,C101,ac_cleaning,3,1013,1,4.8,2,88,180,0
A0786,C046,standard,1,1652,1,4.6,2,15,251,1
A0787,C190,standard,1,401,1,2.8,2,7,132,1
A0788,C121,deep_clean,4,1680,1,4.3,2,97,320,0
A0789,C223,standard,2,1756,0,3.7,1,142,258,0
A0790,C197,kitchen_cleaning,4,715,1,5.0,3,32,163,1
A0791,C069,room_cleaning,1,1727,0,2.9,2,168,230,0
A0792,C224,ac_cleaning,1,681,1,4.7,3,154,120,0
A0793,C218,standard,2,1330,1,3.9,2,98,228,0
A0794,C182,ac_cleaning,2,1269,0,3.9,3,60,183,0
A0795,C257,kitchen_cleaning,4,1518,1,2.6,1,145,246,0
A0796,C248,kitchen_cleaning,1,1588,1,4.9,1,36,229,1
A0797,C270,kitchen_cleaning,4,1458,0,3.8,3,22,232,0
A0798,C126,deep_clean,1,1800,1,4.0,2,136,286,0
A0799,C006,deep_clean,4,1449,1,3.9,2,107,292,0
A0800,C181,kitchen_cleaning,3,743,0,4.2,3,77,144,0
A0801,C289,kitchen_cleaning,1,1688,1,3.9,3,13,227,1
A0802,C150,standard,1,987,1,2.7,3,19,190,0
A0803,C143,kitchen_cleaning,2,1661,1,3.2,2,3,241,0
A0804,C058,standard,2,1611,0,4.1,2,44,243,0
A0805,C134,ac_cleaning,4,770,0,3.4,1,37,147,0
A0806,C079,deep_clean,4,1977,1,3.1,2,163,336,0
A0807,C086,ac_cleaning,3,511,1,4.4,1,13,125,1
A0808,C086,deep_clean,4,1375,1,3.7,3,59,289,0
A0809,C195,deep_clean,4,937,0,3.8,2,3,231,0
A0810,C148,deep_clean,4,1789,1,4.9,3,10,328,1
A0811,C050,standard,3,1284,1,3.3,2,25,238,0
A0812,C131,standard,4,1344,0,4.3,3,49,241,1
A0813,C267,kitchen_cleaning,2,1041,0,4.2,1,3,166,1
A0814,C211,room_cleaning,1,1803,1,3.4,3,72,262,1
A0815,C129,ac_cleaning,1,448,0,2.6,3,168,84,0
A0816,C112,standard,1,1850,0,2.7,3,33,254,0
A0817,C193,standard,2,627,0,3.1,2,169,143,0
A0818,C039,deep_clean,3,1975,1,4.2,3,82,329,1
A0819,C132,ac_cleaning,1,967,0,3.5,2,15,140,0
A0820,C133,kitchen_cleaning,2,1302,0,3.7,1,156,190,0
A0821,C202,ac_cleaning,4,622,0,3.9,2,55,129,0
A0822,C055,deep_clean,3,611,0,2.7,3,64,181,1
A0823,C229,room_cleaning,4,704,0,4.8,3,99,161,0
A0824,C137,ac_cleaning,3,1201,0,3.8,2,122,182,0
A0825,C224,deep_clean,1,1506,0,2.5,3,123,250,0
A0826,C063,standard,3,1082,1,3.5,3,165,219,0
A0827,C047,kitchen_cleaning,3,564,1,4.4,2,165,131,0
A0828,C104,ac_cleaning,1,1186,0,3.2,2,27,173,1
A0829,C184,deep_clean,1,1695,1,4.3,1,9,290,1
A0830,C099,room_cleaning,2,1401,1,2.7,3,164,220,0
A0831,C158,deep_clean,4,433,0,3.3,2,10,176,1
A0832,C208,room_cleaning,2,1739,1,4.9,3,38,254,0
A0833,C297,ac_cleaning,1,475,0,3.7,1,120,84,0
A0834,C024,ac_cleaning,2,429,0,4.1,2,24,102,1
A0835,C234,standard,2,1610,0,4.5,1,29,240,1
A0836,C255,standard,2,529,0,3.6,3,173,134,0
A0837,C206,kitchen_cleaning,1,1801,0,3.3,1,11,234,1
A0838,C089,kitchen_cleaning,1,647,1,2.9,2,43,132,1
A0839,C190,standard,2,1298,0,4.8,1,34,222,1
A0840,C052,standard,4,1992,0,2.5,2,20,299,1
A0841,C004,room_cleaning,2,582,1,3.5,2,177,149,0
A0842,C065,ac_cleaning,2,1710,1,3.8,2,61,242,0
A0843,C090,standard,1,1621,0,4.3,3,22,227,1
A0844,C155,kitchen_cleaning,4,409,0,3.0,3,24,129,1
A0845,C186,standard,2,1350,0,3.2,1,28,217,1
A0846,C077,deep_clean,4,761,0,4.2,1,13,202,1
A0847,C187,kitchen_cleaning,2,1290,1,3.3,2,11,209,1
A0848,C054,room_cleaning,2,723,0,3.7,1,18,141,1
A0849,C121,deep_clean,3,1258,0,4.4,2,58,249,0
A0850,C057,kitchen_cleaning,2,600,0,4.3,1,96,122,0
A0851,C113,room_cleaning,4,1598,1,2.6,2,37,271,1
A0852,C111,standard,4,764,1,3.4,2,49,185,1
A0853,C184,kitchen_cleaning,2,1087,0,2.6,3,15,167,1
A0854,C144,ac_cleaning,1,1353,1,3.5,2,56,197,0
A0855,C152,standard,2,1706,0,3.9,3,58,250,0
A0856,C045,deep_clean,4,843,1,4.6,2,3,229,1
A0857,C220,ac_cleaning,2,1070,1,3.9,3,38,166,1
A0858,C294,room_cleaning,4,490,0,5.0,3,129,131,0
A0859,C018,deep_clean,4,1381,0,3.6,1,21,263,0
A0860,C286,room_cleaning,4,846,0,3.4,1,165,164,0
A0861,C047,room_cleaning,4,1770,1,2.9,2,146,276,0
A0862,C299,room_cleaning,4,1349,0,4.7,2,47,222,0
A0863,C190,deep_clean,1,1684,0,3.5,3,85,277,1
A0864,C272,room_cleaning,3,1272,1,4.2,3,138,227,0
A0865,C295,ac_cleaning,1,1670,1,4.3,1,131,211,0
A0866,C187,room_cleaning,1,1184,1,3.7,1,93,190,0
A0867,C188,ac_cleaning,1,1548,0,2.8,2,61,195,0
A0868,C277,room_cleaning,4,1910,0,4.4,1,82,287,0
A0869,C181,kitchen_cleaning,4,967,0,2.7,2,115,171,0
A0870,C249,standard,1,1362,1,3.6,2,172,214,0
A0871,C034,ac_cleaning,4,578,0,3.5,1,73,135,1
A0872,C040,room_cleaning,2,965,0,4.2,2,38,157,1
A0873,C105,standard,1,1000,1,4.9,3,33,188,1
A0874,C243,kitchen_cleaning,4,1309,0,3.2,1,5,214,1
A0875,C119,standard,3,1243,1,4.1,2,124,228,0
A0876,C272,standard,4,1337,1,3.9,2,43,251,1
A0877,C134,ac_cleaning,4,1161,1,4.4,1,37,197,0
A0878,C181,kitchen_cleaning,4,740,0,4.3,2,46,153,0
A0879,C090,ac_cleaning,2,887,0,2.6,2,147,134,0
A0880,C065,deep_clean,3,1157,0,3.0,3,8,230,1
A0881,C163,kitchen_cleaning,2,1163,1,3.8,1,136,182,0
A0882,C155,room_cleaning,1,1228,1,4.4,2,81,200,1
A0883,C080,room_cleaning,3,1725,1,3.7,2,146,263,0
A0884,C076,standard,4,1093,0,4.3,1,35,214,0
A0885,C283,room_cleaning,3,450,1,4.0,1,114,139,0
A0886,C183,room_cleaning,3,512,0,4.0,1,71,130,1
A0887,C101,room_cleaning,1,1502,1,4.2,1,131,226,0
A0888,C202,ac_cleaning,4,1050,0,4.8,2,101,168,0
A0889,C076,deep_clean,3,1190,1,2.5,2,89,251,1
A0890,C158,deep_clean,1,841,1,4.4,2,113,201,0
A0891,C148,ac_cleaning,4,1892,1,2.8,3,153,281,0
A0892,C045,ac_cleaning,2,1021,1,5.0,3,85,167,1
A0893,C034,standard,4,581,0,3.5,2,106,159,0
A0894,C090,standard,4,1854,0,3.0,2,74,283,1
A0895,C284,deep_clean,1,1018,1,3.7,3,118,223,0
A0896,C115,room_cleaning,1,715,1,3.3,3,162,148,0
A0897,C242,room_cleaning,3,1254,0,3.7,3,165,204,0
A0898,C126,room_cleaning,1,1966,1,3.7,1,153,274,0
A0899,C186,standard,4,1558,1,4.7,3,175,273,0
A0900,C244,room_cleaning,3,1449,0,4.6,1,148,218,0
A0901,C030,ac_cleaning,3,1344,0,3.4,1,69,200,1
A0902,C185,deep_clean,3,499,1,3.2,3,19,183,0
A0903,C264,ac_cleaning,2,1966,0,4.0,1,139,250,0
A0904,C166,kitchen_cleaning,3,955,1,2.7,3,90,177,0
A0905,C074,room_cleaning,2,1461,1,3.4,2,105,230,0
A0906,C175,ac_cleaning,1,846,0,3.8,1,143,131,0
A0907,C270,standard,1,1254,1,4.8,1,33,207,1
A0908,C009,deep_clean,3,1038,1,2.8,2,152,240,0
A0909,C268,kitchen_cleaning,2,1853,1,2.6,1,56,271,0
A0910,C066,ac_cleaning,2,1029,0,3.0,1,108,147,0
A0911,C058,room_cleaning,1,1986,1,4.4,1,50,277,0
A0912,C056,room_cleaning,1,1360,0,4.8,1,16,198,1
A0913,C155,room_cleaning,1,653,0,4.0,1,47,131,1
A0914,C180,room_cleaning,1,698,1,4.9,2,90,153,0
A0915,C083,standard,2,1434,0,2.7,3,3,231,0
A0916,C271,ac_cleaning,2,977,0,4.8,3,1,139,1
A0917,C051,ac_cleaning,4,1150,0,3.6,1,46,181,0
A0918,C182,deep_clean,4,838,0,3.5,2,31,222,1
A0919,C239,room_cleaning,2,1415,1,4.3,3,10,229,1
A0920,C043,kitchen_cleaning,4,636,1,3.2,3,79,167,0
A0921,C228,ac_cleaning,4,995,1,3.0,1,121,179,0
A0922,C189,ac_cleaning,1,1780,1,4.2,2,112,229,0
A0923,C268,room_cleaning,1,693,1,3.5,3,26,141,1
A0924,C087,room_cleaning,3,807,1,3.0,2,31,175,0
A0925,C120,deep_clean,4,970,1,4.4,3,102,239,0
A0926,C183,deep_clean,4,1392,1,2.9,2,27,288,1
A0927,C063,kitchen_cleaning,4,1418,0,4.1,1,7,223,1
A0928,C051,room_cleaning,1,1420,0,4.9,2,154,206,0
A0929,C168,ac_cleaning,3,1673,0,4.4,3,133,217,0
A0930,C253,deep_clean,2,1001,1,3.7,2,138,227,0
A0931,C176,standard,1,1964,0,5.0,1,98,273,0
A0932,C231,kitchen_cleaning,4,1306,1,2.6,1,142,220,0
A0933,C156,ac_cleaning,4,1282,0,3.3,2,124,207,0
A0934,C057,standard,4,1751,1,3.7,1,129,292,0
A0935,C029,deep_clean,3,1413,1,4.0,2,72,273,1
A0936,C165,room_cleaning,1,1609,0,2.8,2,89,221,1
A0937,C299,room_cleaning,3,1179,0,3.6,2,105,201,0
A0938,C180,room_cleaning,2,907,0,4.1,3,21,156,1
A0939,C034,kitchen_cleaning,1,1091,0,2.5,2,9,160,0
A0940,C236,deep_clean,4,946,0,4.2,3,5,218,1
A0941,C163,deep_clean,4,1060,0,4.5,1,176,244,0
A0942,C106,kitchen_cleaning,4,1429,1,2.9,2,93,236,0
A0943,C224,ac_cleaning,4,1701,0,4.6,3,54,247,1
A0944,C148,kitchen_cleaning,1,1008,1,4.5,3,23,160,1
A0945,C297,room_cleaning,3,959,0,3.9,3,121,170,0
A0946,C219,ac_cleaning,3,557,1,3.8,2,110,129,0
A0947,C277,kitchen_cleaning,2,1248,1,3.1,3,116,206,0
A0948,C281,ac_cleaning,1,1685,0,3.9,1,169,209,0
A0949,C240,kitchen_cleaning,4,1559,0,3.8,2,118,247,0
A0950,C076,ac_cleaning,2,1928,1,4.6,2,81,260,0
A0951,C033,ac_cleaning,4,946,1,4.1,2,175,177,0
A0952,C121,deep_clean,2,632,0,3.0,1,79,175,1
A0953,C238,deep_clean,4,1264,0,3.0,2,34,260,0
A0954,C015,kitchen_cleaning,3,1748,0,4.1,1,124,250,0
A0955,C011,room_cleaning,1,1042,1,4.7,2,93,174,0
A0956,C047,deep_clean,2,883,0,3.9,3,30,194,0
A0957,C268,standard,3,1416,0,3.1,1,80,222,0
A0958,C169,standard,4,1932,0,4.8,1,36,296,0
A0959,C055,ac_cleaning,2,962,1,3.5,3,14,163,1
A0960,C252,standard,3,1832,0,3.3,2,121,286,0
A0961,C127,kitchen_cleaning,2,1143,1,4.3,2,5,191,1
A0962,C018,room_cleaning,2,918,1,3.3,3,92,177,0
A0963,C063,standard,2,1306,1,2.5,2,65,224,1
A0964,C155,room_cleaning,2,1009,0,4.6,1,112,173,0
A0965,C163,deep_clean,1,961,0,4.6,2,120,197,0
A0966,C212,kitchen_cleaning,4,605,0,4.2,3,16,140,1
A0967,C181,deep_clean,3,1328,0,4.4,3,164,257,0
A0968,C095,deep_clean,2,406,1,3.0,2,80,164,1
A0969,C295,room_cleaning,1,723,0,3.8,3,33,135,0
A0970,C211,kitchen_cleaning,4,1379,0,3.2,3,151,221,0
A0971,C168,kitchen_cleaning,2,572,1,3.4,2,96,131,0
A0972,C293,ac_cleaning,1,447,0,4.8,2,50,81,0
A0973,C135,ac_cleaning,1,1221,1,4.0,1,22,172,1
A0974,C189,ac_cleaning,1,428,1,4.4,2,172,104,0
A0975,C254,room_cleaning,2,1861,0,3.0,2,73,256,1
A0976,C254,deep_clean,2,1283,0,4.0,2,173,239,0
A0977,C097,deep_clean,2,1236,0,2.6,2,60,233,1
A0978,C231,ac_cleaning,3,1593,1,2.7,2,34,238,1
A0979,C166,deep_clean,2,1860,1,4.3,3,152,311,0
A0980,C132,room_cleaning,1,1540,0,2.6,1,120,207,0
A0981,C182,standard,1,410,1,3.8,2,77,121,0
A0982,C203,kitchen_cleaning,2,1545,0,4.0,2,43,213,0
A0983,C258,deep_clean,3,1358,0,2.7,3,135,256,0
A0984,C222,ac_cleaning,3,639,1,2.6,1,127,142,0
A0985,C144,kitchen_cleaning,4,979,1,4.0,2,132,193,0
A0986,C161,deep_clean,2,1046,1,4.4,1,142,232,0
A0987,C226,room_cleaning,2,704,0,3.1,1,120,141,0
A0988,C134,ac_cleaning,4,1293,0,5.0,2,10,189,1
A0989,C227,kitchen_cleaning,4,1337,1,2.8,3,37,224,1
A0990,C064,kitchen_cleaning,1,817,1,3.0,1,130,146,0
A0991,C140,standard,2,1595,0,3.8,3,46,242,1
A0992,C214,room_cleaning,2,1973,1,4.2,2,6,276,1
A0993,C146,room_cleaning,4,1165,0,4.6,1,7,205,1
A0994,C042,deep_clean,4,1329,1,4.0,1,84,285,0
A0995,C023,standard,4,1065,0,3.0,1,164,204,0
A0996,C145,kitchen_cleaning,1,1923,0,3.9,3,97,240,0
A0997,C048,deep_clean,3,764,0,4.9,2,22,195,1
A0998,C011,ac_cleaning,2,1195,1,3.2,3,39,181,0
A0999,C062,kitchen_cleaning,4,1285,1,4.8,3,33,222,1
A1000,C184,room_cleaning,3,1449,0,3.7,2,121,226,0
